title,developer,app_size(MB),category_code,category,review_num,review_score,version,lang,lang_num,pricing,price(won),release_year,app_url
꿈의 정원 (Gardenscapes),Playrix,396.2,6014,게임,67000,4.6,9.0,"한국어, 네덜란드어, 독일어, 러시아어, 스페인어, 영어, 이탈리아어, 일본어, 중국어(간체), 중국어(번체), 터키어, 포르투갈어, 프랑스어",13,free,0,2016,https://apps.apple.com/kr/app/id1105855019
세븐나이츠2,Netmarble Corporation,144.4,6014,게임,34000,4.6,10.0,한국어,1,free,0,2020,https://apps.apple.com/kr/app/id1365505269
하쿠나 라이브 -  Live 방송,"MOVEFAST Company, K.K.",136.5,6016,엔터테인먼트,7000,4.5,11.0,"한국어, 아랍어, 영어, 인도네시아어, 일본어, 중국어(번체), 태국어, 터키어, 힌두어",9,free,0,2018,https://apps.apple.com/kr/app/id1384325538
블레이드&소울 레볼루션,Netmarble Corporation,2500.0,6014,게임,45000,4.0,9.0,한국어,1,free,0,2018,https://apps.apple.com/kr/app/id1220720235
꿈의 집 (Homescapes),Playrix,292.1,6014,게임,101000,4.5,9.0,"한국어, 독일어, 러시아어, 스페인어, 영어, 이탈리아어, 일본어, 중국어(간체), 중국어(번체), 포르투갈어, 프랑스어",11,free,0,2017,https://apps.apple.com/kr/app/id1195621598
피망 포커,NEOWIZ,374.9,6014,게임,3300,4.4,9.0,영어,1,free,0,2019,https://apps.apple.com/kr/app/id1468063069
랜덤 다이스(Random Dice),111%,416.1,6014,게임,44000,3.9,10.0,영어,1,free,0,2019,https://apps.apple.com/kr/app/id1462877149
Age of Z Origins (에이지 오브 제트),CAMEL GAMES LIMITED,502.7,6014,게임,5100,4.4,9.0,"한국어, 네덜란드어, 독일어, 러시아어, 베트남어, 스페인어, 아랍어, 영어, 이탈리아어, 인도네시아어, 일본어, 중국어, 중국어(간체), 중국어(번체), 태국어, 포르투갈어, 프랑스어",17,free,0,2018,https://apps.apple.com/kr/app/id1376515087
쿠키런: 오븐브레이크,Devsisters,2200.0,6014,게임,69000,4.4,10.0,"한국어, 독일어, 영어, 일본어, 중국어(간체), 중국어(번체), 태국어",7,free,0,2016,https://apps.apple.com/kr/app/id963067330
라이즈 오브 킹덤즈,Lilith Games,863.8,6014,게임,18000,4.5,8.0,"한국어, 독일어, 러시아어, 말레이어, 베트남어, 스페인어, 아랍어, 영어, 이탈리아어, 인도네시아어, 일본어, 중국어, 중국어(간체), 중국어(번체), 카누리어, 태국어, 터키어, 포르투갈어, 프랑스어",19,free,0,2019,https://apps.apple.com/kr/app/id1474599374
원신,miHoYo Limited,2600.0,6014,게임,8100,4.1,9.0,"한국어, 독일어, 러시아어, 베트남어, 스페인어, 영어, 인도네시아어, 일본어, 중국어, 중국어(간체), 중국어(번체), 태국어, 포르투갈어, 프랑스어",14,free,0,2020,https://apps.apple.com/kr/app/id1517783697
가디언 테일즈,Kakao Games Corp.,229.4,6014,게임,31000,4.6,11.0,"한국어, 영어",2,free,0,2020,https://apps.apple.com/kr/app/id1515646155
라그나로크 오리진,"GRAVITY Co., Ltd.",2800.0,6014,게임,3200,3.6,9.0,영어,1,free,0,2020,https://apps.apple.com/kr/app/id1490960415
V4,NEXON Company,3800.0,6014,게임,7400,3.5,12.0,한국어,1,free,0,2019,https://apps.apple.com/kr/app/id1454477270
wavve(웨이브),Content Wavve Corp.,188.7,6016,엔터테인먼트,9300,2.2,9.0,영어,1,free,0,2015,https://apps.apple.com/kr/app/id987782077
미르4,"Wemade Co., Ltd.",169.8,6014,게임,1100,2.5,11.0,한국어,1,free,0,2020,https://apps.apple.com/kr/app/id1510691914
"인스타그램 언팔로우, 인스타 팔로워, 방문자","PIKALITIKS, OOO",89.2,6005,소셜 네트워킹,1900,4.0,9.0,영어,1,free,0,2018,https://apps.apple.com/kr/app/id1390536045
"다톡 - 채팅 & 새로운 친구만들기, 동네친구, 톡친구",April7 Inc.,67.2,6005,소셜 네트워킹,17000,3.8,10.0,"한국어, 영어",2,free,0,2016,https://apps.apple.com/kr/app/id1068066007
War and Order,CAMEL GAMES LIMITED,276.6,6014,게임,3400,4.5,7.0,"한국어, 네덜란드어, 독일어, 러시아어, 베트남어, 스페인어, 아랍어, 영어, 이탈리아어, 인도네시아어, 일본어, 중국어, 중국어(간체), 중국어(번체), 태국어, 포르투갈어, 프랑스어",17,free,0,2016,https://apps.apple.com/kr/app/id1071744151
Facetune2: 셀카 편집기 및 카메라,Lightricks Ltd.,252.2,6008,사진 및 비디오,6200,4.0,12.0,"한국어, 독일어, 러시아어, 스페인어, 영어, 이탈리아어, 일본어, 중국어(간체), 중국어(번체), 터키어, 포르투갈어, 프랑스어",12,free,0,2016,https://apps.apple.com/kr/app/id1149994032
걸스 X 배틀 2,"WESTLAKE TECHNOLOGIES CO., PTE. LTD.",156.1,6014,게임,582,4.8,8.0,"한국어, 독일어, 영어, 중국어(간체), 중국어(번체), 프랑스어",6,free,0,2020,https://apps.apple.com/kr/app/id1402944867
랑그릿사,ZlongGames,2700.0,6014,게임,21000,4.8,9.0,한국어,1,free,0,2019,https://apps.apple.com/kr/app/id1450127722
Art of War: Legions,Fastone Games,268.7,6014,게임,7700,4.7,10.0,"한국어, 영어, 일본어, 중국어, 중국어(간체), 중국어(번체)",6,free,0,2019,https://apps.apple.com/kr/app/id1484362191
Twitch: 동영상 스트리밍 라이브 시청은 트위치에서,"Twitch Interactive, Inc.",202.1,6008,사진 및 비디오,110000,4.6,11.4,"한국어, 그리스어, 네덜란드어, 덴마크어, 독일어, 러시아어, 루마니아어, 베트남어, 부크몰 노르웨이어, 불가리아어, 스웨덴어, 스페인어, 슬로바키아어, 영어, 이탈리아어, 일본어, 중국어(간체), 중국어(번체), 체코어, 태국어, 터키어, 포르투갈어, 폴란드어, 프랑스어, 핀란드어, 헝가리어",26,free,0,2011,https://apps.apple.com/kr/app/id460177396
ZEPETO,NAVER Z Corporation,178.2,6005,소셜 네트워킹,21000,4.0,11.0,"한국어, 러시아어, 스페인어, 영어, 이탈리아어, 인도네시아어, 일본어, 중국어(간체), 태국어, 포르투갈어",10,free,0,2018,https://apps.apple.com/kr/app/id1350301428
앙톡 - 랜덤채팅 친구와 채팅하자,"People12 Co., Ltd",10.2,6005,소셜 네트워킹,804,2.4,12.0,한국어,1,free,0,2018,https://apps.apple.com/kr/app/id1434652607
헌드레드 소울,hound13,364.5,6014,게임,3500,4.3,10.3,"중국어(간체), 중국어(번체)",2,free,0,2019,https://apps.apple.com/kr/app/id998409134
한게임 신맞고 : 대한민국 원조 고스톱,NHN Pixelcube,275.5,6014,게임,4000,3.4,10.0,"한국어, 영어, 일본어, 중국어(간체), 중국어(번체)",5,free,0,2019,https://apps.apple.com/kr/app/id1473424424
로엠,Dongsik Gang,815.4,6014,게임,3300,4.5,9.0,"한국어, 영어, 일본어, 중국어(번체)",4,free,0,2019,https://apps.apple.com/kr/app/id1447753767
피망 섯다,NEOWIZ,330.8,6014,게임,5800,4.4,11.0,영어,1,free,0,2019,https://apps.apple.com/kr/app/id1465855712
클론다이크 어드벤처,VIZOR APPS CORP.,260.8,6014,게임,8300,4.5,10.0,"한국어, 네덜란드어, 독일어, 러시아어, 스페인어, 영어, 이탈리아어, 일본어, 중국어(간체), 중국어(번체), 포르투갈어, 폴란드어, 프랑스어",13,free,0,2018,https://apps.apple.com/kr/app/id1127240206
게임빌프로야구2020 슈퍼스타즈,GAMEVIL Inc.,172.3,6014,게임,6400,4.1,9.0,"한국어, 스페인어, 영어, 일본어, 중국어(번체)",5,free,0,2019,https://apps.apple.com/kr/app/id1396381549
에브리싱 : No. 1 스마트 노래방,"Dear U Co., Ltd.",254.9,6011,음악,4100,1.4,9.0,"한국어, 영어, 일본어",3,free,0,2020,https://apps.apple.com/kr/app/id1496072506
Smule: 소셜 노래방 노래자랑,Smule,117.4,6011,음악,4900,3.5,12.0,"한국어, 독일어, 러시아어, 말레이어, 스페인어, 영어, 인도네시아어, 일본어, 중국어(간체), 태국어, 터키어, 포르투갈어, 프랑스어",13,free,0,2012,https://apps.apple.com/kr/app/id509993510
Crusaders Quest,NHN Corp.,207.0,6014,게임,7400,4.5,10.0,"한국어, 독일어, 스페인어, 영어, 인도네시아어, 일본어, 중국어(간체), 중국어(번체), 태국어, 포르투갈어, 프랑스어",11,free,0,2014,https://apps.apple.com/kr/app/id901858272
토이 블라스트 (Toy Blast),Peak Games,478.1,6014,게임,16000,4.7,9.0,"한국어, 독일어, 스페인어, 영어, 이탈리아어, 일본어, 터키어, 포르투갈어, 프랑스어",9,free,0,2015,https://apps.apple.com/kr/app/id890378044
쿠킹 다이어리: 요리 게임,MYTONA,387.1,6014,게임,11000,4.6,10.0,"한국어, 독일어, 러시아어, 스페인어, 영어, 이탈리아어, 일본어, 중국어(간체), 중국어(번체), 포르투갈어, 프랑스어",11,free,0,2018,https://apps.apple.com/kr/app/id1214763610
快手,"Beijing Kwai Technology Co., Ltd.",562.8,6008,사진 및 비디오,25000,4.5,9.0,"영어, 중국어(간체), 중국어(번체)",3,free,0,2011,https://apps.apple.com/kr/app/id440948110
브라운팜,LINE Corporation,265.8,6014,게임,7500,4.6,10.0,한국어,1,free,0,2020,https://apps.apple.com/kr/app/id1512915028
라인 플레이 – 전세계 No.1 패션 게임,LINE Corporation,134.9,6005,소셜 네트워킹,7000,3.0,10.0,"한국어, 영어, 일본어, 중국어(번체), 태국어",5,free,0,2012,https://apps.apple.com/kr/app/id575147772
코미코,NHN Corp.,22.8,6018,도서,179,4.5,12.0,한국어,1,free,0,2020,https://apps.apple.com/kr/app/id1504032168
BeautyPlus - 완벽한 리터치 포토샵 편집 어플,Pixocial Technology Singapore Pte Ltd,215.3,6008,사진 및 비디오,63000,4.7,10.0,"한국어, 러시아어, 베트남어, 스페인어, 영어, 인도네시아어, 일본어, 중국어(간체), 중국어(번체), 태국어, 터키어, 포르투갈어, 힌두어",13,free,0,2013,https://apps.apple.com/kr/app/id622434129
MLB 퍼펙트 이닝 2020,"GAMEVIL COM2US USA, Inc.",254.0,6014,게임,1500,3.1,10.0,"한국어, 스페인어, 영어, 일본어, 중국어(번체)",5,free,0,2017,https://apps.apple.com/kr/app/id1203069334
프렌즈팝,Kakao Games Corp.,400.8,6014,게임,4500,3.9,10.0,"한국어, 영어, 일본어, 중국어(간체), 중국어(번체)",5,free,0,2015,https://apps.apple.com/kr/app/id1016396103
Seezn(시즌),KT Corporation,102.2,6016,엔터테인먼트,1700,1.8,10.0,"한국어, 영어",2,free,0,2011,https://apps.apple.com/kr/app/id438653868
MARVEL 퓨처파이트,Netmarble Corporation,338.5,6014,게임,8700,4.0,9.0,"한국어, 네덜란드어, 독일어, 러시아어, 베트남어, 스페인어, 아랍어, 영어, 이탈리아어, 인도네시아어, 일본어, 중국어(간체), 중국어(번체), 태국어, 터키어, 포르투갈어, 프랑스어",17,free,0,2015,https://apps.apple.com/kr/app/id955705796
윌라 오디오북,influential Corp.,66.2,6017,교육,938,3.6,10.0,영어,1,free,0,2017,https://apps.apple.com/kr/app/id1250319483
아이폰 통화 녹음 및 음성 녹음,Accordmobi,32.7,6000,비즈니스,8000,4.3,11.0,"한국어, 독일어, 스페인어, 아랍어, 영어, 이탈리아어, 일본어, 중국어, 중국어(간체), 중국어(번체), 터키어, 포르투갈어, 프랑스어",13,free,0,2020,https://apps.apple.com/kr/app/id1503665233
Ulike유라이크,Bytedance Pte. Ltd,211.4,6008,사진 및 비디오,56000,4.6,10.0,"한국어, 베트남어, 영어, 인도네시아어, 일본어, 중국어, 중국어(번체), 태국어",8,free,0,2018,https://apps.apple.com/kr/app/id1398796436
피쉬돔 (Fishdom),Playrix,348.8,6014,게임,18000,4.7,9.0,"한국어, 네덜란드어, 독일어, 러시아어, 스페인어, 영어, 이탈리아어, 일본어, 중국어(간체), 중국어(번체), 포르투갈어, 프랑스어",12,free,0,2015,https://apps.apple.com/kr/app/id664575829
MLB 9이닝스 20,Com2uS Corp.,917.9,6014,게임,2300,4.1,9.0,"한국어, 스페인어, 영어, 일본어, 중국어(간체), 중국어(번체)",6,free,0,2016,https://apps.apple.com/kr/app/id1059665257
라이프애프터,X.D. Global,3800.0,6014,게임,15000,4.5,8.0,,,free,0,2019,https://apps.apple.com/kr/app/id1445639588
Yu-Gi-Oh! Duel Links,KONAMI,147.4,6014,게임,3800,4.5,10.0,"한국어, 독일어, 러시아어, 스페인어, 영어, 이탈리아어, 일본어, 중국어(간체), 중국어(번체), 포르투갈어, 프랑스어",11,free,0,2017,https://apps.apple.com/kr/app/id1068378177
V LIVE :App for stars and fans,NAVER Corp.,251.2,6016,엔터테인먼트,5000,3.1,11.0,"한국어, 베트남어, 스페인어, 영어, 인도네시아어, 일본어, 중국어(간체), 중국어(번체), 태국어",9,free,0,2015,https://apps.apple.com/kr/app/id1019447011
에브리타운,"FLERO GAMES Co.,Ltd.",95.7,6014,게임,20,3.8,9.0,한국어,1,free,0,2013,https://apps.apple.com/kr/app/id596670064
당연시 소개팅 - 당신도 연애를 시작할 때,BNK Lab,146.2,6005,소셜 네트워킹,52000,4.3,11.0,한국어,1,free,0,2013,https://apps.apple.com/kr/app/id688910961
이사만루2020,(주)공게임즈,279.3,6014,게임,12000,3.9,9.0,한국어,1,free,0,2020,https://apps.apple.com/kr/app/id1481802531
"Instasize 사진 편집, 콜라주 포토 메이커",Instasize Inc.,250.5,6008,사진 및 비디오,57000,4.4,11.0,"한국어, 그리스어, 네덜란드어, 덴마크어, 독일어, 러시아어, 말레이어, 베트남어, 스웨덴어, 스페인어, 아랍어, 영어, 이탈리아어, 인도네시아어, 일본어, 중국어(간체), 중국어(번체), 태국어, 터키어, 포르투갈어, 프랑스어, 핀란드어, 히브리어",23,free,0,2012,https://apps.apple.com/kr/app/id576649830
NICE지키미,"NICE Information Service Co., Ltd.",30.9,6015,금융,583,4.0,11.0,"한국어, 영어",2,free,0,2012,https://apps.apple.com/kr/app/id457816753
"아르고 ARGO - 영상메신저, 영상채팅, 친구찾기",(주) 프로비츠,123.9,6005,소셜 네트워킹,8,2.3,11.0,"한국어, 독일어, 러시아어, 말레이어, 베트남어, 벵골어, 스페인어, 아랍어, 영어, 이탈리아어, 인도네시아어, 일본어, 중국어(간체), 중국어(번체), 태국어, 터키어, 페르시아어, 포르투갈어, 폴란드어, 프랑스어, 힌두어",21,free,0,2017,https://apps.apple.com/kr/app/id1204140483
Likey 라이키 - 셀럽과 특별한 소통,LOIHI TECHNOLOGY PTE. LTD.,117.6,6005,소셜 네트워킹,46,3.4,12.1,"한국어, 영어, 일본어",3,free,0,2020,https://apps.apple.com/kr/app/id1499066925
아이러브커피N,Natris,187.9,6014,게임,5200,3.6,9.0,영어,1,free,0,2020,https://apps.apple.com/kr/app/id1485692760
원시인 형님들 키우기 : 문명,GAMECAFE PTE. LTD.,303.9,6014,게임,3000,4.6,9.0,"한국어, 러시아어, 베트남어, 스페인어, 영어, 일본어, 중국어(간체), 중국어(번체), 포르투갈어",9,free,0,2020,https://apps.apple.com/kr/app/id1490207503
위 베어 베어스 더 퍼즐,"Sundaytoz, INC",257.8,6014,게임,52000,4.6,10.3,"한국어, 영어",2,free,0,2018,https://apps.apple.com/kr/app/id1311102174
레진코믹스 (LezhinComics) - 프리미엄 웹툰,Lezhin Entertainment,91.7,6018,도서,159,3.5,11.0,"한국어, 네덜란드어, 노르웨이어, 독일어, 러시아어, 바스크어, 베트남어, 스웨덴어, 스페인어, 슬로바키아어, 영어, 이탈리아어, 일본어, 체코어, 포르투갈어, 폴란드어, 프랑스어, 핀란드어",18,free,0,2013,https://apps.apple.com/kr/app/id664973122
프렌즈타운,Kakao Games Corp.,770.8,6014,게임,146000,4.7,10.0,영어,1,free,0,2019,https://apps.apple.com/kr/app/id1435757638
아마시아-동네 지역 친구 찾고 인연 만들어요,주식회사 레인톡,65.0,6005,소셜 네트워킹,3100,4.1,12.0,"한국어, 영어, 일본어, 중국어(간체), 중국어(번체)",5,free,0,2017,https://apps.apple.com/kr/app/id1260890108
Final Cut Pro,Apple,2900.0,6008,사진 및 비디오,239,2.9,,"독일어, 스페인어, 영어, 일본어, 중국어(간체), 프랑스어",6,paid,369000,2011,https://apps.apple.com/kr/app/id424389933
Project Makeover,Bubblegum Games LLC,240.4,6014,게임,2100,4.6,10.0,"한국어, 독일어, 러시아어, 스페인어, 아랍어, 영어, 이탈리아어, 중국어(번체), 포르투갈어, 프랑스어",10,free,0,2020,https://apps.apple.com/kr/app/id1483058899
DRAGON BALL Z 폭렬격전,BANDAI NAMCO Entertainment Inc.,411.3,6014,게임,2000,4.6,9.0,"한국어, 영어, 중국어(번체), 프랑스어",4,free,0,2016,https://apps.apple.com/kr/app/id951627425
꽃피는달빛M,woosung lee,1100.0,6014,게임,8,2.5,8.0,"한국어, 중국어(간체)",2,free,0,2019,https://apps.apple.com/kr/app/id1488901757
일루전 커넥트,ChangYou.com Korea,1800.0,6014,게임,895,4.5,8.0,한국어,1,free,0,2020,https://apps.apple.com/kr/app/id1512656046
포스텔러 - 운세의 모든 것,UN7QI3 Inc.,93.9,6016,엔터테인먼트,3600,4.5,11.0,"한국어, 일본어",2,free,0,2017,https://apps.apple.com/kr/app/id1262949138
리버티레기온,Eyougame,232.3,6014,게임,1500,4.6,10.0,한국어,1,free,0,2020,https://apps.apple.com/kr/app/id1513847273
D-MEN: 히어로 컴백,Yi Yang Peng Cheng,302.1,6014,게임,21000,4.8,9.0,"한국어, 영어, 일본어, 중국어(간체), 중국어(번체)",5,free,0,2019,https://apps.apple.com/kr/app/id1490823605
모바일 레전드: Bang Bang,moonton,308.0,6014,게임,63000,4.6,9.0,"한국어, 독일어, 러시아어, 루마니아어, 말레이어, 버마어, 베트남어, 스페인어, 아랍어, 영어, 이탈리아어, 인도네시아어, 일본어, 중국어(간체), 중국어(번체), 캄보디아어, 태국어, 터키어, 포르투갈어, 프랑스어",20,free,0,2016,https://apps.apple.com/kr/app/id1160056295
라루나 판타지,DARGON ENTERTAINMENT NETWORK LTD,874.0,6014,게임,3700,4.6,8.0,영어,1,free,0,2020,https://apps.apple.com/kr/app/id1519954171
뱅드림! 걸즈 밴드 파티!,Kakao Games Corp.,556.2,6014,게임,19000,4.7,9.0,,,free,0,2018,https://apps.apple.com/kr/app/id1308168618
리치리치,"GAMELAND(HK)CO.,LIMITED",564.2,6014,게임,808,2.4,8.0,한국어,1,free,0,2019,https://apps.apple.com/kr/app/id1473762652
커넥팅 - 클린한 소셜 통화 어플,"YP Labs Co., Ltd",149.4,6005,소셜 네트워킹,4500,4.2,10.0,"한국어, 영어, 일본어",3,free,0,2018,https://apps.apple.com/kr/app/id1384259378
Football Manager 2021 Mobile,SEGA,1400.0,6014,게임,1600,4.8,9.0,영어,1,paid,11000,2020,https://apps.apple.com/kr/app/id1502435808
윈조이 포커 - WINJOY POKER,Zempot Inc.,316.6,6014,게임,589,3.3,9.0,"한국어, 네덜란드어, 독일어, 러시아어, 베트남어, 스페인어, 아랍어, 영어, 이탈리아어, 인도네시아어, 일본어, 중국어(간체), 중국어(번체), 태국어, 터키어, 포르투갈어, 프랑스어",17,free,0,2019,https://apps.apple.com/kr/app/id1472968853
세븐나이츠,Netmarble Corporation,109.8,6014,게임,14000,2.8,8.0,"한국어, 독일어, 러시아어, 스페인어, 아랍어, 영어, 이탈리아어, 인도네시아어, 일본어, 중국어(간체), 중국어(번체), 태국어, 터키어, 포르투갈어, 프랑스어",15,free,0,2014,https://apps.apple.com/kr/app/id741949324
에픽세븐,Smilegate Megaport,416.7,6014,게임,25000,4.5,9.0,"한국어, 독일어, 스페인어, 영어, 일본어, 중국어(간체), 중국어(번체), 태국어, 포르투갈어, 프랑스어",10,free,0,2018,https://apps.apple.com/kr/app/id1322399438
퍼즐앤드래곤,"GungHo Online Entertainment, Inc.",137.6,6014,게임,429,4.4,10.0,한국어,1,free,0,2013,https://apps.apple.com/kr/app/id588637521
"스픽 (Speak) - 영어회화, 스피킹, 발음",Speakeasy Labs,68.6,6017,교육,19000,4.8,11.0,"한국어, 영어",2,free,0,2017,https://apps.apple.com/kr/app/id1286609883
케페우스M,Ujoy Games Limited,2400.0,6014,게임,84,3.9,9.0,"한국어, 구자라트어, 그리스어, 네덜란드어, 덴마크어, 독일어, 라트비아어, 러시아어, 루마니아어, 마라타어, 말라얄람어 음악, 말레이어, 베트남어, 벵골어, 부크몰 노르웨이어, 불가리아어, 스웨덴어, 스페인어, 슬로바키아어, 슬로베니아어, 아랍어, 영어, 우크라이나어, 이탈리아어, 인도네시아어, 일본어, 중국어, 중국어(간체), 중국어(번체), 체코어, 카탈로니아어, 칸나다어 음악, 크로아티아어, 타밀어, 태국어, 터키어, 텔루구어 음악, 펀자브어 음악, 페르시아어, 포르투갈어, 폴란드어, 프랑스어, 핀란드어, 헝가리어, 히브리어, 힌두어",46,free,0,2020,https://apps.apple.com/kr/app/id1498886983
네이버 MYBOX - 네이버 클라우드의 새 이름,NAVER Corp.,90.9,6002,유틸리티,6200,2.2,11.0,"한국어, 영어, 일본어, 중국어(간체), 중국어(번체)",5,free,0,2012,https://apps.apple.com/kr/app/id585173084
Toon Blast,Peak Games,430.0,6014,게임,41000,4.7,10.0,"한국어, 독일어, 러시아어, 스페인어, 영어, 이탈리아어, 일본어, 터키어, 포르투갈어, 프랑스어",10,free,0,2017,https://apps.apple.com/kr/app/id1176027022
캔디크러쉬사가,King,224.7,6014,게임,34000,4.7,9.0,"한국어, 네덜란드어, 덴마크어, 독일어, 러시아어, 루마니아어, 부크몰 노르웨이어, 스웨덴어, 스페인어, 슬로바키아어, 영어, 이탈리아어, 일본어, 체코어, 크로아티아어, 터키어, 포르투갈어, 폴란드어, 프랑스어, 핀란드어, 헝가리어",21,free,0,2012,https://apps.apple.com/kr/app/id553834731
아만다 : 아무나 만나지 않는 당신을 위한 소개팅,"Techlabs Co., Ltd.",123.0,6005,소셜 네트워킹,7800,3.9,11.0,"한국어, 네덜란드어, 독일어, 러시아어, 베트남어, 불가리아어, 스페인어, 아랍어, 영어, 이탈리아어, 인도네시아어, 일본어, 중국어(간체), 중국어(번체), 태국어, 터키어, 포르투갈어, 폴란드어, 프랑스어",19,free,0,2014,https://apps.apple.com/kr/app/id906675357
삼국지M,Efun,1300.0,6014,게임,7500,4.5,9.0,한국어,1,free,0,2018,https://apps.apple.com/kr/app/id1305691785
아이러브니키,Kakao Games Corp.,412.4,6014,게임,3500,3.0,8.0,한국어,1,free,0,2016,https://apps.apple.com/kr/app/id1129574896
꿈의 마을 (Township),Playrix,289.7,6014,게임,37000,4.7,9.0,"한국어, 네덜란드어, 독일어, 러시아어, 스페인어, 아랍어, 영어, 이탈리아어, 인도네시아어, 일본어, 중국어(간체), 중국어(번체), 터키어, 포르투갈어, 프랑스어",15,free,0,2013,https://apps.apple.com/kr/app/id638689075
Photo wonder,Xin Guo,158.4,6008,사진 및 비디오,3600,2.2,9.0,"한국어, 말레이어, 베트남어, 영어, 인도네시아어, 일본어, 중국어(간체), 중국어(번체), 태국어",9,free,0,2012,https://apps.apple.com/kr/app/id501945443
FLO - 플로,Dreamus Company,190.1,6011,음악,11000,2.9,10.0,한국어,1,free,0,2016,https://apps.apple.com/kr/app/id1129048043
엠파이어 & 퍼즐 (Empires & Puzzles),Small Giant Games,262.7,6014,게임,6100,4.7,9.0,"한국어, 네덜란드어, 노르웨이어, 덴마크어, 독일어, 러시아어, 스웨덴어, 스페인어, 아랍어, 영어, 이탈리아어, 인도네시아어, 일본어, 포르투갈어, 폴란드어, 프랑스어, 핀란드어",17,free,0,2019,https://apps.apple.com/kr/app/id1117841866
페이트/그랜드 오더,Netmarble Corporation,336.9,6014,게임,6800,4.4,10.0,"한국어, 네덜란드어, 독일어, 러시아어, 베트남어, 스페인어, 아랍어, 영어, 이탈리아어, 인도네시아어, 일본어, 중국어(간체), 중국어(번체), 태국어, 터키어, 포르투갈어, 프랑스어",17,free,0,2017,https://apps.apple.com/kr/app/id1241893973
탑 워,Topwar Studio,455.2,6014,게임,1100,4.7,9.0,"한국어, 독일어, 러시아어, 베트남어, 스페인어, 아랍어, 영어, 이탈리아어, 인도네시아어, 일본어, 중국어, 중국어(간체), 중국어(번체), 태국어, 터키어, 포르투갈어, 폴란드어, 프랑스어",18,free,0,2019,https://apps.apple.com/kr/app/id1479198816
정오의데이트 소개팅 - 동네친구와 톡 하고 싶을 때,Mozzet Co.Ltd.,170.0,6005,소셜 네트워킹,11000,4.0,10.0,"한국어, 영어",2,free,0,2011,https://apps.apple.com/kr/app/id427242564
궁수의 전설,HABBY,249.5,6014,게임,66000,4.5,10.0,"한국어, 영어, 일본어, 중국어(간체), 중국어(번체)",5,free,0,2019,https://apps.apple.com/kr/app/id1453651052
탄탄,"Tantan Cultural Development (Beijing) Co., Ltd.",590.5,6005,소셜 네트워킹,390,3.9,10.0,"한국어, 영어, 인도네시아어, 일본어, 중국어(간체), 중국어(번체)",6,free,0,2014,https://apps.apple.com/kr/app/id861891048
피망 뉴맞고 : 고스톱으로 대한민국 1등,NEOWIZ,438.8,6014,게임,13000,3.5,11.0,영어,1,free,0,2019,https://apps.apple.com/kr/app/id1458568643
동방불패 모바일,"Perfectworld Korea Co., Ltd",3200.0,6014,게임,294,3.6,9.0,"한국어, 중국어(간체)",2,free,0,2020,https://apps.apple.com/kr/app/id1516987936
VLLO 블로 - 쉬운 동영상 편집 어플 브이로그 앱,vimosoft,182.2,6008,사진 및 비디오,183000,4.8,12.0,"한국어, 독일어, 러시아어, 스페인어, 영어, 이탈리아어, 일본어, 중국어(간체), 중국어(번체), 태국어, 포르투갈어, 프랑스어",12,free,0,2015,https://apps.apple.com/kr/app/id952050883
SPOTV NOW(스포티비 나우) - 스포츠 생중계,"KONNECTIVITY Co, Ltd.",52.5,6004,스포츠,2800,1.4,11.0,영어,1,free,0,2017,https://apps.apple.com/kr/app/id1309434426
라플라스M,ZlongGames,3000.0,6014,게임,15000,4.7,9.0,한국어,1,free,0,2019,https://apps.apple.com/kr/app/id1455432291
한게임 섯다,NHN BIGFOOT CORPORATION,315.0,6014,게임,10000,4.6,9.2,"한국어, 영어, 일본어, 중국어(간체), 중국어(번체)",5,free,0,2019,https://apps.apple.com/kr/app/id1471942989
하스스톤,"Blizzard Entertainment, Inc.",1900.0,6014,게임,8700,3.1,10.0,"한국어, 독일어, 러시아어, 스페인어, 영어, 이탈리아어, 일본어, 중국어(간체), 중국어(번체), 포르투갈어, 폴란드어, 프랑스어",12,free,0,2014,https://apps.apple.com/kr/app/id625257520
Minecraft,Mojang,319.0,6014,게임,13000,3.5,10.0,"한국어, 독일어, 러시아어, 스페인어, 영어, 이탈리아어, 일본어, 중국어(간체), 중국어(번체), 포르투갈어, 프랑스어",11,paid,8900,2011,https://apps.apple.com/kr/app/id479516143
후궁의 법칙,X.D. Global,738.2,6014,게임,2400,4.3,11.0,한국어,1,free,0,2020,https://apps.apple.com/kr/app/id1498290898
지니 뮤직 - genie,GENIE MUSIC CORP.,86.1,6011,음악,10000,2.4,9.0,"한국어, 영어",2,free,0,2014,https://apps.apple.com/kr/app/id858266085
킹 오브 파이터 올스타,Netmarble Corporation,258.6,6014,게임,36000,4.7,9.3,한국어,1,free,0,2019,https://apps.apple.com/kr/app/id1439768881
헬로우봇 - AI 사주・타로・상담,thingsflow,73.5,6005,소셜 네트워킹,92000,4.7,12.0,"한국어, 일본어",2,free,0,2017,https://apps.apple.com/kr/app/id1294957719
골드스푼 : 자격을 갖춘 남녀들을 위한 안전한 소개팅,Triple comma Corp.,37.1,6005,소셜 네트워킹,1400,4.0,9.0,영어,1,free,0,2018,https://apps.apple.com/kr/app/id1332604123
마피아 시티(한국어),YOTTA GAMES PTE LTD,155.6,6014,게임,6000,4.8,9.0,"한국어, 독일어, 러시아어, 스페인어, 아랍어, 영어, 이탈리아어, 일본어, 중국어(간체), 중국어(번체), 태국어, 터키어, 포르투갈어, 프랑스어",14,free,0,2018,https://apps.apple.com/kr/app/id1438495856
"캠톡 CamTalk - 화상채팅, 영상채팅",Cho Su moon,57.7,6005,소셜 네트워킹,296,2.5,12.0,영어,1,free,0,2015,https://apps.apple.com/kr/app/id1006605757
삼국지 오리진,"REALITY SQUARED GAME CO., LIMITED",94.9,6014,게임,247,4.1,9.0,"한국어, 구자라트어, 그리스어, 네덜란드어, 덴마크어, 독일어, 라트비아어, 러시아어, 루마니아어, 마라타어, 말라얄람어 음악, 말레이어, 베트남어, 벵골어, 부크몰 노르웨이어, 불가리아어, 스웨덴어, 스페인어, 슬로바키아어, 슬로베니아어, 아랍어, 영어, 우크라이나어, 이탈리아어, 인도네시아어, 일본어, 중국어, 중국어(간체), 중국어(번체), 체코어, 카탈로니아어, 칸나다어 음악, 크로아티아어, 타밀어, 태국어, 터키어, 텔루구어 음악, 펀자브어 음악, 페르시아어, 포르투갈어, 폴란드어, 프랑스어, 핀란드어, 헝가리어, 히브리어, 힌두어",46,free,0,2019,https://apps.apple.com/kr/app/id1476244579
아이즈원  프라이빗 메일,"CA.Smart Co., Ltd.",24.0,6016,엔터테인먼트,518,4.5,11.0,"한국어, 인도네시아어, 일본어, 태국어",4,free,0,2019,https://apps.apple.com/kr/app/id1445514282
애니팡4,"Sundaytoz, INC",446.6,6014,게임,4800,4.2,10.0,한국어,1,free,0,2020,https://apps.apple.com/kr/app/id1483015354
왕좌의게임:윈터이즈커밍,YOOZOO (SINGAPORE) PTE. LTD.,967.0,6014,게임,657,3.9,9.0,"한국어, 영어, 중국어",3,free,0,2020,https://apps.apple.com/kr/app/id1485209067
ROBLOX,Roblox Corporation,215.7,6014,게임,42000,4.2,8.0,"한국어, 독일어, 러시아어, 베트남어, 스페인어, 영어, 이탈리아어, 인도네시아어, 일본어, 중국어(간체), 중국어(번체), 태국어, 터키어, 포르투갈어, 프랑스어",15,free,0,2011,https://apps.apple.com/kr/app/id431946152
"비고라이브(BIGO LIVE), 라이브 방송, 개인방송",BIGO TECHNOLOGY PTE. LTD.,268.9,6005,소셜 네트워킹,1100,4.1,9.0,"한국어, 독일어, 러시아어, 말레이어, 베트남어, 스페인어, 아랍어, 영어, 이탈리아어, 인도네시아어, 일본어, 중국어(간체), 중국어(번체), 태국어, 터키어, 포르투갈어, 폴란드어, 프랑스어, 힌두어",19,free,0,2016,https://apps.apple.com/kr/app/id1077137248
라이즈 오브 엠파이어,LONG TECH NETWORK LIMITED,631.0,6014,게임,595,4.2,8.0,"한국어, 네덜란드어, 독일어, 러시아어, 스페인어, 아랍어, 영어, 이탈리아어, 인도네시아어, 일본어, 중국어(간체), 중국어(번체), 태국어, 터키어, 포르투갈어, 프랑스어",16,free,0,2018,https://apps.apple.com/kr/app/id1411917616
밀리의 서재,(주)밀리의 서재,188.4,6018,도서,12000,4.3,11.0,한국어,1,free,0,2017,https://apps.apple.com/kr/app/id1213788923
달빛조각사,Kakao Games Corp.,304.2,6014,게임,19000,3.6,9.0,영어,1,free,0,2019,https://apps.apple.com/kr/app/id1469869761
모두의마블,Netmarble Corporation,144.3,6014,게임,58000,3.9,8.0,한국어,1,free,0,2013,https://apps.apple.com/kr/app/id646315802
라스트 쉘터 Last Shelter: Survival,LONG TECH NETWORK LIMITED,546.3,6014,게임,2900,4.0,8.0,"한국어, 네덜란드어, 독일어, 러시아어, 스페인어, 아랍어, 영어, 이탈리아어, 인도네시아어, 일본어, 중국어(간체), 중국어(번체), 태국어, 터키어, 포르투갈어, 프랑스어",16,free,0,2018,https://apps.apple.com/kr/app/id1342290011
스테리테일,4399 KOREA,254.4,6014,게임,2200,4.2,9.0,한국어,1,free,0,2020,https://apps.apple.com/kr/app/id1507750961
마술양품점,Smilegate Megaport,163.0,6014,게임,810,4.0,12.0,한국어,1,free,0,2020,https://apps.apple.com/kr/app/id1530127806
강호: 극,Scene Stealer,1900.0,6014,게임,849,4.3,9.0,한국어,1,free,0,2020,https://apps.apple.com/kr/app/id1526609418
스톤에이지 월드,Netmarble Corporation,1500.0,6014,게임,24000,4.7,9.0,"한국어, 영어, 일본어, 중국어(간체), 중국어(번체), 태국어, 터키어",7,free,0,2020,https://apps.apple.com/kr/app/id1400683584
오늘도 우라라 원시 헌팅 라이프,X.D. Global,1800.0,6014,게임,17000,4.8,9.0,"한국어, 독일어, 러시아어, 스페인어, 영어, 인도네시아어, 일본어, 중국어(간체), 중국어(번체), 태국어, 터키어, 포르투갈어, 프랑스어",13,free,0,2019,https://apps.apple.com/kr/app/id1473544990
로드 오브 히어로즈,CLOVERGAMES,1300.0,6014,게임,20000,4.8,10.0,"한국어, 독일어, 러시아어, 스페인어, 영어, 이탈리아어, 포르투갈어, 프랑스어",8,free,0,2020,https://apps.apple.com/kr/app/id1496742556
한게임 포커,NHN BIGFOOT CORPORATION,746.7,6014,게임,7400,4.5,9.2,"한국어, 영어, 일본어, 중국어(간체), 중국어(번체)",5,free,0,2019,https://apps.apple.com/kr/app/id1471486284
마피아42,SungSoo Na,1700.0,6014,게임,14000,3.0,9.0,"한국어, 아랍어, 영어",3,free,0,2015,https://apps.apple.com/kr/app/id947258826
검은사막 모바일,Pearl Abyss Corp.,91.4,6014,게임,57000,4.2,11.0,한국어,1,free,0,2018,https://apps.apple.com/kr/app/id1323002999
건쉽배틀 토탈워페어,JOYCITY Corp,754.7,6014,게임,2000,4.6,9.0,영어,1,free,0,2018,https://apps.apple.com/kr/app/id1397714781
심쿵 - 동네 친구 사귀고 싶을 때,Colondee :D,195.6,6005,소셜 네트워킹,12000,4.4,9.0,한국어,1,free,0,2015,https://apps.apple.com/kr/app/id995132477
일곱 개의 대죄: GRAND CROSS,Netmarble Corporation,273.5,6014,게임,50000,4.8,9.0,한국어,1,free,0,2019,https://apps.apple.com/kr/app/id1449552940
네이버 시리즈온 - SERIES ON,NAVER WEBTOON CORP.,101.7,6016,엔터테인먼트,1200,2.4,11.0,"한국어, 영어, 중국어(간체), 중국어(번체)",4,free,0,2012,https://apps.apple.com/kr/app/id530059576
아자르 - 새 친구로 일상을 새로고침,Hyperconnect,164.4,6005,소셜 네트워킹,15000,4.0,12.0,"한국어, 네덜란드어, 덴마크어, 독일어, 라오스어, 러시아어, 말레이어, 버마어, 베트남어, 부크몰 노르웨이어, 스웨덴어, 스페인어, 아랍어, 에스토니아어, 영어, 이탈리아어, 인도네시아어, 일본어, 중국어, 중국어(간체), 중국어(번체), 캄보디아어, 태국어, 터키어, 포르투갈어, 폴란드어, 프랑스어, 핀란드어, 필리핀어, 히브리어, 힌두어",31,free,0,2015,https://apps.apple.com/kr/app/id972558973
Lords Mobile: 온라인 영웅 전쟁 RPG,IGG.COM,727.9,6014,게임,7100,4.3,9.0,"한국어, 독일어, 러시아어, 말레이어, 베트남어, 스페인어, 아랍어, 영어, 우크라이나어, 이탈리아어, 인도네시아어, 일본어, 중국어(간체), 중국어(번체), 태국어, 터키어, 포르투갈어, 폴란드어, 프랑스어",19,free,0,2016,https://apps.apple.com/kr/app/id1071976327
리그 오브 레전드: 와일드 리프트,Riot Games,2200.0,6014,게임,12000,3.4,10.0,영어,1,free,0,2020,https://apps.apple.com/kr/app/id1480616990
전략적 팀 전투: 리그 오브 레전드 전략 게임,Riot Games,80.6,6014,게임,8000,2.9,9.0,영어,1,free,0,2020,https://apps.apple.com/kr/app/id1480616748
브롤스타즈,Supercell,342.4,6014,게임,238000,4.6,9.0,"한국어, 네덜란드어, 독일어, 러시아어, 말레이어, 베트남어, 스페인어, 아랍어, 영어, 이탈리아어, 인도네시아어, 일본어, 중국어(간체), 중국어(번체), 태국어, 터키어, 포르투갈어, 프랑스어, 핀란드어",19,free,0,2018,https://apps.apple.com/kr/app/id1229016807
Hero Wars - Fantasy World,Nexters Global LTD,260.3,6014,게임,3600,4.5,10.0,영어,1,free,0,2017,https://apps.apple.com/kr/app/id1158967485
놀러와 마이홈,Kakao Games Corp.,162.3,6014,게임,3600,2.8,8.0,"한국어, 영어, 일본어",3,free,0,2016,https://apps.apple.com/kr/app/id1134403599
스카이피플(스피): 직장인들의 인증된 커뮤니티+소개팅,HSOCIETY Inc.,152.7,6005,소셜 네트워킹,14000,4.1,9.1,"한국어, 영어",2,free,0,2017,https://apps.apple.com/kr/app/id1191259452
eFootball PES 2021,KONAMI,1800.0,6014,게임,18000,3.4,10.0,"한국어, 독일어, 러시아어, 스페인어, 영어, 이탈리아어, 인도네시아어, 일본어, 중국어(간체), 중국어(번체), 터키어, 포르투갈어, 프랑스어",13,free,0,2017,https://apps.apple.com/kr/app/id1117270703
"왕이되는자 - 서민에서 왕까지, 세상을 흔드는 자",CHUANG COOL GAME,434.7,6014,게임,28000,4.4,8.0,"한국어, 영어, 일본어, 중국어(간체), 중국어(번체)",5,free,0,2018,https://apps.apple.com/kr/app/id1339553880
리니지2M(12),NCSOFT,3100.0,6014,게임,3300,4.1,12.0,한국어,1,free,0,2019,https://apps.apple.com/kr/app/id1452467965
찐삼국,Loongcheer Game,594.9,6014,게임,900,4.3,9.0,"한국어, 영어",2,free,0,2020,https://apps.apple.com/kr/app/id1535159066
그랑삼국,"YOOZOO GAMES KOREA CO., LTD.",1400.0,6014,게임,896,4.2,9.0,"한국어, 영어, 중국어",3,free,0,2020,https://apps.apple.com/kr/app/id1512454010
서머너즈 워: 천공의 아레나,Com2uS Corp.,1300.0,6014,게임,5600,4.1,9.0,"한국어, 독일어, 러시아어, 베트남어, 스페인어, 아랍어, 영어, 이탈리아어, 인도네시아어, 일본어, 중국어(간체), 중국어(번체), 태국어, 터키어, 포르투갈어, 프랑스어",16,free,0,2014,https://apps.apple.com/kr/app/id852912420
붕괴3rd,miHoYo Limited,3700.0,6014,게임,16000,4.6,9.0,,,free,0,2017,https://apps.apple.com/kr/app/id1286705196
숨고 - 생활서비스 전문가 숨은고수 매칭,Brave Mobile Inc,80.6,6012,라이프 스타일,8200,4.2,12.0,영어,1,free,0,2017,https://apps.apple.com/kr/app/id1250771188
클래시 오브 클랜,Supercell,259.1,6014,게임,70000,4.7,10.0,"한국어, 네덜란드어, 독일어, 러시아어, 말레이어, 베트남어, 부크몰 노르웨이어, 스페인어, 아랍어, 영어, 이탈리아어, 인도네시아어, 일본어, 중국어(간체), 중국어(번체), 태국어, 터키어, 포르투갈어, 프랑스어, 핀란드어",20,free,0,2012,https://apps.apple.com/kr/app/id529479190
컴투스프로야구2020,Com2uS Corp.,595.0,6014,게임,12000,4.3,9.0,한국어,1,free,0,2015,https://apps.apple.com/kr/app/id880551258
FIFA Mobile,NEXON Company,1000.0,6014,게임,55000,4.6,9.3,한국어,1,free,0,2020,https://apps.apple.com/kr/app/id1478371252
YouTube Music,Google LLC,183.3,6011,음악,78000,4.6,11.0,"한국어, 갈리시아어, 구자라트어, 그루지야어, 그리스어, 네덜란드어, 네팔어, 덴마크어, 독일어, 라오스어, 라트비아어, 러시아어, 루마니아어, 리투아니아어, 마라타어, 마케도니아어, 말라얄람어 음악, 말레이어, 몽골어, 바스크어, 버마어, 베로루시아어, 베트남어, 벵골어, 보스니아어, 부크몰 노르웨이어, 불가리아어, 세르비아어, 스와힐리어, 스웨덴어, 스페인어, 슬로바키아어, 슬로베니아어, 싱할라어, 아랍어, 아르메니아어, 아이슬란드어, 아제르바이잔어, 아프리칸스어, 알바니아어, 암하라어, 에스토니아어, 영어, 우르두어, 우즈베키스탄어, 우크라이나어, 이탈리아어, 인도네시아어, 일본어, 줄루, 중국어(번체), 중국어(홍콩), 체코어, 카자흐어, 카탈로니아어, 칸나다어 음악, 캄보디아어, 크로아티아어, 키르기즈어, 타밀어, 태국어, 터키어, 텔루구어 음악, 펀자브어 음악, 페르시아어, 포르투갈어, 폴란드어, 프랑스어, 핀란드어, 필리핀어, 헝가리어, 히브리어, 힌두어",73,free,0,2016,https://apps.apple.com/kr/app/id1017492454
글램 - 모든 매력적인 만남,Cupist Inc.,194.8,6005,소셜 네트워킹,15000,4.3,10.0,"한국어, 영어, 일본어, 태국어",4,free,0,2016,https://apps.apple.com/kr/app/id1058232900
궁3D,Wish Interactive Technology Limited,149.4,6014,게임,1600,3.9,9.0,한국어,1,free,0,2020,https://apps.apple.com/kr/app/id1498575417
Pokémon GO,"Niantic, Inc.",316.8,6014,게임,11000,3.5,12.0,"한국어, 독일어, 러시아어, 스페인어, 영어, 이탈리아어, 일본어, 중국어(번체), 태국어, 포르투갈어, 프랑스어",11,free,0,2017,https://apps.apple.com/kr/app/id1094591345
클래시 로얄,Supercell,200.4,6014,게임,110000,4.5,9.0,"한국어, 네덜란드어, 독일어, 러시아어, 부크몰 노르웨이어, 스페인어, 아랍어, 영어, 이탈리아어, 일본어, 중국어(간체), 중국어(번체), 터키어, 포르투갈어, 프랑스어",15,free,0,2016,https://apps.apple.com/kr/app/id1053012308
뮤 아크엔젤,WEBZEN INC.,723.0,6014,게임,10000,4.6,9.0,영어,1,free,0,2020,https://apps.apple.com/kr/app/id1490054892
슬램덩크,DeNA Hong Kong,1500.0,6014,게임,32000,4.7,9.0,한국어,1,free,0,2020,https://apps.apple.com/kr/app/id1501462339
R2M,WEBZEN INC.,266.0,6014,게임,101,3.8,10.0,영어,1,free,0,2020,https://apps.apple.com/kr/app/id1474069254
Tinder 틴더,Tinder Inc.,205.7,6012,라이프 스타일,1400,3.6,11.0,"한국어, 그리스어, 네덜란드어, 덴마크어, 독일어, 라트비아어, 러시아어, 루마니아어, 리투아니아어, 말레이어, 베트남어, 벵골어, 부크몰 노르웨이어, 불가리아어, 세르비아어, 스웨덴어, 스페인어, 슬로바키아어, 슬로베니아어, 아랍어, 아프리칸스어, 에스토니아어, 영어, 우크라이나어, 이탈리아어, 인도네시아어, 일본어, 중국어(간체), 중국어(번체), 체코어, 카탈로니아어, 캄보디아어, 크로아티아어, 타밀어, 태국어, 터키어, 텔루구어 음악, 포르투갈어, 폴란드어, 프랑스어, 핀란드어, 필리핀어, 헝가리어, 히브리어, 힌두어",45,free,0,2012,https://apps.apple.com/kr/app/id547702041
벅스 - Bugs,NHN BUGS Corporation,312.8,6011,음악,6000,2.8,12.0,"한국어, 영어",2,free,0,2010,https://apps.apple.com/kr/app/id348555322
황제라 칭하라,"Clicktouch Co.,Ltd.",745.1,6014,게임,1300,3.0,9.0,한국어,1,free,0,2018,https://apps.apple.com/kr/app/id1418864900
A3: 스틸얼라이브,Netmarble Corporation,3900.0,6014,게임,19000,4.6,9.0,한국어,1,free,0,2020,https://apps.apple.com/kr/app/id1417738826
"Spoon 스푼: 오디오 플랫폼, 라이브 방송, 캐스트",Spoon Radio,100.4,6016,엔터테인먼트,4800,3.3,11.0,"한국어, 베트남어, 아랍어, 영어, 인도네시아어, 일본어",6,free,0,2015,https://apps.apple.com/kr/app/id1040047095
위피 - 동네 친구가 필요할 때,NRISE.INC.,82.7,6005,소셜 네트워킹,47000,4.1,10.0,"한국어, 영어, 중국어, 중국어(간체), 중국어(번체)",5,free,0,2017,https://apps.apple.com/kr/app/id1261209014
Netflix,"Netflix, Inc.",74.0,6016,엔터테인먼트,12000,3.0,13.0,"한국어, 그리스어, 네덜란드어, 덴마크어, 독일어, 러시아어, 루마니아어, 말레이어, 베트남어, 부크몰 노르웨이어, 스와힐리어, 스웨덴어, 스페인어, 아랍어, 영어, 이탈리아어, 인도네시아어, 일본어, 중국어(간체), 중국어(번체), 체코어, 크로아티아어, 태국어, 터키어, 포르투갈어, 폴란드어, 프랑스어, 핀란드어, 헝가리어, 히브리어, 힌두어",31,free,0,2016,https://apps.apple.com/kr/app/id363590051
티빙(tving),"CJ ENM Co., Ltd.",329.1,6016,엔터테인먼트,6700,2.3,9.0,영어,1,free,0,2010,https://apps.apple.com/kr/app/id400101401
리니지2 레볼루션,Netmarble Corporation,4000.0,6014,게임,29000,4.3,9.0,"한국어, 네덜란드어, 독일어, 러시아어, 베트남어, 스페인어, 아랍어, 영어, 이탈리아어, 인도네시아어, 일본어, 중국어(간체), 중국어(번체), 태국어, 터키어, 포르투갈어, 프랑스어",17,free,0,2016,https://apps.apple.com/kr/app/id1090814275
기적의 검,4399 KOREA,1200.0,6014,게임,17000,4.3,9.0,한국어,1,free,0,2019,https://apps.apple.com/kr/app/id1442478849
멜론(Melon),Kakao M Corp.,205.2,6011,음악,15000,2.4,11.0,한국어,1,free,0,2011,https://apps.apple.com/kr/app/id415597317
데스티니 차일드 : 디펜스 워,THUMBAGE,"
              THUMBAGE Co., Ltd
            ",6014,게임,2600,4.6,10.0,"한국어, 영어",2,free,0,2020,https://apps.apple.com/kr/app/id1528673546
다음웹툰 - DAUM WEBTOON,Daum Kakao Corp.,62.1,6016,엔터테인먼트,21000,4.8,11.0,"한국어, 영어",2,free,0,2013,https://apps.apple.com/kr/app/id736602666
AFK 아레나,Lilith Games,304.8,6014,게임,122000,4.6,8.0,"한국어, 독일어, 러시아어, 베트남어, 스페인어, 영어, 이탈리아어, 일본어, 중국어(간체), 중국어(번체), 터키어, 포르투갈어, 폴란드어, 프랑스어",14,free,0,2020,https://apps.apple.com/kr/app/id1475474300
마구마구 2020,Netmarble Corporation,1100.0,6014,게임,41000,4.7,10.0,한국어,1,free,0,2020,https://apps.apple.com/kr/app/id1516727770
배틀그라운드,"KRAFTON, Inc.",1900.0,6014,게임,117000,3.8,9.0,"한국어, 독일어, 러시아어, 스페인어, 아랍어, 영어, 인도네시아어, 일본어, 중국어(간체), 중국어(번체), 태국어, 터키어, 포르투갈어, 프랑스어, 힌두어",15,free,0,2018,https://apps.apple.com/kr/app/id1366526331
SERIES - 네이버 시리즈,NAVER WEBTOON CORP.,105.9,6018,도서,6200,2.2,11.0,"한국어, 영어",2,free,0,2011,https://apps.apple.com/kr/app/id433592412
S.O.S:스테이트 오브 서바이벌,KingsGroup International AG,1300.0,6014,게임,15000,4.6,9.0,"한국어, 네덜란드어, 독일어, 러시아어, 베트남어, 부크몰 노르웨이어, 스웨덴어, 스페인어, 아랍어, 영어, 이탈리아어, 인도네시아어, 일본어, 중국어(간체), 중국어(번체), 태국어, 터키어, 포르투갈어, 폴란드어, 프랑스어",20,free,0,2020,https://apps.apple.com/kr/app/id1525824433
왓챠 - WATCHA,"Watcha, Inc.",132.2,6016,엔터테인먼트,103000,4.5,10.0,"한국어, 영어, 일본어",3,free,0,2016,https://apps.apple.com/kr/app/id1096493180
리니지M(12),NCSOFT,279.4,6014,게임,12000,2.4,9.0,한국어,1,free,0,2017,https://apps.apple.com/kr/app/id1128255542
Lysn,"Dear U Co., Ltd.",108.7,6005,소셜 네트워킹,1700,2.0,9.0,"한국어, 베트남어, 영어, 인도네시아어, 일본어, 중국어(간체), 중국어(번체), 태국어",8,free,0,2018,https://apps.apple.com/kr/app/id1425722238
제5인격,X.D. Global,3600.0,6014,게임,52000,4.5,9.0,"한국어, 영어",2,free,0,2018,https://apps.apple.com/kr/app/id1403280792
메이플스토리M,NEXON Company,181.9,6014,게임,70000,4.4,10.0,영어,1,free,0,2016,https://apps.apple.com/kr/app/id1133463693
카카오페이지,Kakao Page Corp.,66.9,6016,엔터테인먼트,7100,2.7,11.0,"한국어, 영어",2,free,0,2013,https://apps.apple.com/kr/app/id616643813
카트라이더 러쉬플러스,NEXON Company,2500.0,6014,게임,186000,4.6,9.0,"한국어, 베트남어, 영어, 중국어(번체), 태국어",5,free,0,2020,https://apps.apple.com/kr/app/id1466736988
리니지2M,NCSOFT,3100.0,6014,게임,16000,3.4,12.0,한국어,1,free,0,2019,https://apps.apple.com/kr/app/id1478227443
바람의나라: 연,NEXON Company,777.9,6014,게임,27000,3.8,9.0,한국어,1,free,0,2020,https://apps.apple.com/kr/app/id1405436835
FIFA ONLINE 4 M by EA SPORTS™,NEXON Company,450.3,6014,게임,14000,2.4,9.0,"한국어, 네덜란드어, 독일어, 러시아어, 스페인어, 영어, 이탈리아어, 일본어, 중국어(간체), 포르투갈어, 프랑스어",11,free,0,2018,https://apps.apple.com/kr/app/id1273957743
네이버 웹툰 - Naver Webtoon,NAVER WEBTOON CORP.,106.4,6016,엔터테인먼트,5800,2.9,11.0,"한국어, 영어",2,free,0,2009,https://apps.apple.com/kr/app/id315795555
카카오톡 KakaoTalk,Kakao Corp.,590.8,6005,소셜 네트워킹,82000,2.9,12.0,"한국어, 독일어, 러시아어, 베트남어, 스페인어, 영어, 이탈리아어, 인도네시아어, 일본어, 중국어(간체), 중국어(번체), 태국어, 터키어, 포르투갈어, 프랑스어",15,free,0,2010,https://apps.apple.com/kr/app/id362057947
YouTube,Google LLC,244.9,6008,사진 및 비디오,1108000,4.7,,"한국어, 갈리시아어, 구자라트어, 그루지야어, 그리스어, 네덜란드어, 네팔어, 덴마크어, 독일어, 라오스어, 라트비아어, 러시아어, 루마니아어, 리투아니아어, 마라타어, 마케도니아어, 말라얄람어 음악, 말레이어, 몽골어, 바스크어, 버마어, 베로루시아어, 베트남어, 벵골어, 보스니아어, 부크몰 노르웨이어, 불가리아어, 세르비아어, 스와힐리어, 스웨덴어, 스페인어, 슬로바키아어, 슬로베니아어, 싱할라어, 아랍어, 아르메니아어, 아이슬란드어, 아제르바이잔어, 아프리칸스어, 알바니아어, 암하라어, 에스토니아어, 영어, 우르두어, 우즈베키스탄어, 우크라이나어, 이탈리아어, 인도네시아어, 일본어, 줄루, 중국어, 중국어(번체), 체코어, 카자흐어, 카탈로니아어, 칸나다어 음악, 캄보디아어, 크로아티아어, 키르기즈어, 타밀어, 태국어, 터키어, 텔루구어 음악, 펀자브어 음악, 페르시아어, 포르투갈어, 폴란드어, 프랑스어, 핀란드어, 필리핀어, 헝가리어, 히브리어, 힌두어",73,free,0,2012,https://apps.apple.com/kr/app/id544007664
리니지M,NCSOFT,278.9,6014,게임,1800,2.1,9.0,한국어,1,free,0,2019,https://apps.apple.com/kr/app/id1474589366
